,RulesetId,Name,DurationTurns
0,918,Do Guti,39.0
1,595,Symbol S.2,34.0
2,1986,Elea,61.0
3,417,Salta,182.0
4,1734,Double-Move Situ,12.0
5,1451,Cittabhramanrpasya Khelanam,250.0
6,713,Khutka Boia,181.0
7,1558,Resolve,79.0
8,121,Insanity,1.0
9,740,Niranchy,8.0
10,955,Triodi,237.0
11,986,Len Doat,136.0
12,328,Los Palos,38.0
13,946,Epelle,23.0
14,704,Y,53.0
15,415,Kharbaga,8.0
16,851,Abrobad,9.0
17,983,Dam (Singapore),250.0
18,1770,Onyx,148.0
19,1286,Zola,51.0
20,1824,TacTix,10.0
21,1166,To Kinegi tou Lagou,248.0
22,875,Dama (Philippines),135.0
23,1251,Leap Frog,25.0
24,202,Tsun K'i,138.0
25,702,Nein Ari,1.0
26,1538,Goldilocks Stones,37.0
27,1800,Cascades,56.0
28,1197,Paradis,250.0
29,1068,Vela,46.0
30,985,Len Cua Kin Ngoa,21.0
31,859,Shafran Chess,98.0
32,288,Kay,172.0
33,1619,Unachess,249.0
34,1029,Tavan Tal,98.0
35,1260,Dodgem,17.0
36,1571,Zuz Mel (7x7),239.0
37,194,Ad elta stelpur,83.0
38,78,Gyan Chaupar,83.0
39,1616,Hexshogi,239.0
40,104,Reversi,63.0
41,890,Unnamed Dutch Draughts Game,62.0
42,1433,Shatranj (Algeria),250.0
43,699,Oriath,1.0
44,1815,Kanguruh,111.0
45,964,Gale,73.0
46,205,Ceelkoqyuqkoqiji,136.0
47,1140,Pulijudamu,237.0
48,1041,Xarajlt,250.0
49,418,Tic-Tac-Four,29.0
50,1229,Tavelspel,250.0
51,332,Mapuche Game,135.0
52,1736,Chaturanga (Kridakausalya 14x14),250.0
53,22,Sokkattan,183.0
54,1206,Russian Fortress Chess,250.0
55,296,Hindustani Chess,250.0
56,1778,Barca,250.0
57,1936,Lifeline,95.0
58,1934,Felli,90.0
59,915,Kulaochal,250.0
60,83,Y (Hex),101.0
61,1804,Product,61.0
62,88,Connect6,105.0
63,1227,Nuktagaq,250.0
64,781,Koro,250.0
65,1094,Gala (Buginese),250.0
66,1940,Sabou'iyya,236.0
67,1400,Fivalath,45.0
68,308,Shatranj at-Tamma,250.0
69,616,Hamiltonian Maze,1.0
70,738,Tablas Astronomias,84.0
71,274,Mwendo,77.0
72,1072,Janes Soppi,250.0
73,1281,Andot,69.0
74,1389,Master Y,42.0
75,315,Shatranj Diwana Shah,107.0
76,1346,Ntyenge,101.0
77,1120,Ludus Lombardorum,54.0
78,1049,Crossway,250.0
79,381,Blue Nile,24.0
80,201,Pancha Keliya,78.0
81,1312,Njombwa (Two Counters),117.0
82,949,Liu Tsi,7.0
83,1043,Doov,187.0
84,168,Awangdu,190.0
85,433,Motiq,119.0
86,346,Andada,84.0
87,141,Tugi-Epfe,29.0
88,57,Nei-Pat-Kono,250.0
89,269,Tchela,90.0
90,232,Azigo,250.0
91,27,Dabuda,64.0
92,899,Ram Tir,250.0
93,165,Rithmomachia,250.0
94,1233,Tablo,244.0
95,885,Diagonal Draughts,192.0
96,80,L Game,7.0
97,1213,Callanish,4.0
98,1442,Four-Player Chaturanga (al-Biruni),189.0
99,265,Choro (Lango),5.0
100,1246,Damspel,73.0
101,848,Tasholiwe,140.0
102,1578,Sig (El Oued Capture),107.0
103,1661,Watershed,59.0
104,943,San-Noku-Narabe,7.0
105,413,Castello,227.0
106,351,Gabata (Adegrat),191.0
107,682,CrossGeo,26.0
108,1391,3D Tic-Tac-Toe,10.0
109,313,Acedrex de los Cuatros Tiempos,250.0
110,1781,Atomic Chess,57.0
111,1775,Buttons And Lights,1.0
112,1022,Engijn Zirge,19.0
113,437,Unnee Tugalluulax,250.0
114,863,Pasit,242.0
115,187,Mefuvha,53.0
116,676,Ringo,17.0
117,1167,Kiust Oyun,215.0
118,772,Weiqi,250.0
119,784,Abak,250.0
120,252,Adjiboto,83.0
121,1823,Plotto,6.0
122,1386,Crand,250.0
123,756,Daldos,118.0
124,947,Six-Penny Madell,110.0
125,1733,Don't Mosey and The Last Scavenger,16.0
126,817,Mylna,245.0
127,1774,Duidoku,64.0
128,55,Dama,102.0
129,961,Lam Pusri,244.0
130,1401,Unfair,21.0
131,1014,Ultimate Chess,147.0
132,971,Sumi Naga (War),102.0
133,910,Bagha Guti,250.0
134,86,Andantino,45.0
135,160,Dash Guti,202.0
136,1150,Sudoku Mine,1.0
137,1228,Dablot Prejjesne,238.0
138,574,Ja-Jeon-Geo-Gonu,33.0
139,706,Trike,41.0
140,854,Mini Hexchess,227.0
141,1769,Reach Chess,64.0
142,1822,Snort,37.0
143,167,Kioz,162.0
144,432,Kanji Guti,42.0
145,846,Sig (Tidikelt),250.0
146,1121,Jacquet de Versailles,116.0
147,1805,Fission,42.0
148,18,Gabata (Aksum),128.0
149,226,J'odu,33.0
150,878,Jeu de Renard (Two Foxes),250.0
151,1284,Lobudok,93.0
152,1536,Quarto,13.0
153,642,Aj Sayil,66.0
154,1158,Fibonacci Nim,27.0
155,1385,Nchayo,37.0
156,250,English Wari (St. Lucia),91.0
157,1272,DuploHex,36.0
158,1067,Ethiopian Capture Game,33.0
159,64,Zamma,231.0
160,1518,Uthi,59.0
161,1464,Chaturanga (12x12),250.0
162,1159,Hops-a-Daisy Generalized,53.0
163,298,Rumi Shatranj,249.0
164,521,Hyvn aetter Hare,250.0
165,365,Tuz,127.0
166,1806,First Attack,7.0
167,295,Chaturaji,247.0
168,558,Hewakam Keliya,243.0
169,1435,Medieval Chess,247.0
170,347,Qelat (Beni Amir-Mensa),250.0
171,419,Ataxx,145.0
172,489,Frisian Draughts,69.0
173,1567,Bao,6.0
174,1789,Es-Sig,243.0
175,1152,Dice Chess,188.0
176,135,Qelat,82.0
177,1795,Quick Chess,112.0
178,739,Nerenchi Keliya,153.0
179,1508,Wari (Alignment),172.0
180,685,Chase,1.0
181,458,Amazon Chess,249.0
182,965,Lontu-Holo,186.0
183,180,Shing Quon Tu,122.0
184,1050,Main Dam,43.0
185,1801,Louis XVI,77.0
186,1314,Chiana wa Kunja,100.0
187,407,Snowpaque,31.0
188,953,Sam K'i,25.0
189,1657,Viking Chess,247.0
190,448,Pentalath,41.0
191,243,Bosh,160.0
192,736,El Mundo,84.0
193,1125,Panchi,189.0
194,1761,Rabbit Warrens,59.0
195,1323,Shisen-Sho,1.0
196,1535,Pentago,25.0
197,173,Romavoa,65.0
198,122,Knight's Tour,1.0
199,1671,Yavalax,65.0
200,119,Squaro,1.0
201,47,Skirmish (GDL),99.0
202,1439,Acedrex (Alfonso),250.0
203,216,Puhulmutu,17.0
204,1737,Dogtown Clans,20.0
205,293,Shatranj ar-Rumiya,250.0
206,1245,Damenspiel,45.0
207,678,Crossline,9.0
208,717,Tugul Shodra,27.0
209,1450,Chaturanga (Kridakausalya),250.0
210,770,Haretavl,250.0
211,1669,Make Muster,77.0
212,979,Forcado,250.0
213,1222,Tap Urdy,60.0
214,1290,Misoro Tsoro,85.0
215,267,Muvalavala (Quioco),28.0
216,1987,Ecosys,63.0
217,1123,Garanguet,68.0
218,1935,Fettas,110.0
219,468,Kaooa,85.0
220,1383,Ngulungu,13.0
221,1659,HexGo,169.0
222,1992,Dama (Alquerque),96.0
223,1628,Shatranj (14x14),250.0
224,1262,Erherhe,250.0
225,177,Tawula,141.0
226,46,Shogi,231.0
227,864,Barjis,250.0
228,62,Peralikatuma,240.0
229,653,Pagade Kayi Ata (Sixteen-handed),203.0
230,1419,Six Insect Game,250.0
231,884,The Babylonian,240.0
232,1396,Spartan Chess,248.0
233,33,XII Scripta,114.0
234,74,Knightthrough,25.0
235,133,Half Chess,250.0
236,368,Leyla,131.0
237,573,Ho-Bag Gonu,63.0
238,889,RootZone,41.0
239,632,Bagh Guti,241.0
240,1354,Greater Loss,1.0
241,82,Hex,81.0
242,615,Icosian,1.0
243,787,Aksadyuta,2.0
244,431,Mawkar Katiya,149.0
245,391,Havannah,87.0
246,1468,Tepong,250.0
247,1308,Shono,71.0
248,1545,Tenjiku Shogi,212.0
249,1317,Greatest Loss,6.0
250,645,Aj Sina'anil,68.0
251,567,Round Merels,10.0
252,1009,Dorvon Cag,7.0
253,56,English Draughts,136.0
254,617,Sim,7.0
255,1975,Overflow,52.0
256,1550,Dodo,41.0
257,1798,Annuvin,119.0
258,1139,Huli-Mane Ata,52.0
259,604,of Solomon,18.0
260,401,Gol Ekuish,250.0
261,1411,Chandaraki,250.0
262,1555,Wali,235.0
263,462,Los Alamos Chess,20.0
264,819,Ketch-Dolt,6.0
265,1929,Co Chan Cho,27.0
266,750,Tayam Sonalu,159.0
267,1189,Sik,250.0
268,1467,Main Chator (Batak),250.0
269,1623,Xiang Hex,250.0
270,900,Pam Pait,250.0
271,372,Bao Kiswahili (East Africa),47.0
272,273,Quendo,57.0
273,451,Susan,22.0
274,901,Bam Blang Beh Khla,77.0
275,766,Bagh Batti,240.0
276,644,Aj T'iwil,68.0
277,545,Trax,29.0
278,1566,Dongjintian (Four Players),28.0
279,441,Conspirateurs,201.0
280,400,Cross,59.0
281,364,Jimafesosh,96.0
282,805,Satoel,234.0
283,981,Rimau-Rimau (Two Tigers),248.0
284,325,Shuanglu,128.0
285,977,Gavalata,184.0
286,911,Bis Gutiya,250.0
287,549,Capture the Queen,100.0
288,1083,Hund efter Hare (Vendsyssel),250.0
289,1812,Tara,23.0
290,1814,Troll,44.0
291,1973,Traffic Lights,8.0
292,1413,Keryo-Pente,181.0
293,719,Bara Guti,250.0
294,1384,Lisolo,250.0
295,1797,Archimedes,80.0
296,450,Spline,25.0
297,427,Oure Ngat,250.0
298,459,Safe Passage,3.0
299,378,Mbelele,114.0
300,1200,Uril,214.0
301,1612,Mulabalaba,177.0
302,50,Fanorona,37.0
303,1057,Dris at-Talata,20.0
304,1547,Rolit,64.0
305,344,Mewegae,118.0
306,1931,Flower Shop,36.0
307,1817,Crusade,37.0
308,806,Rimoe,181.0
309,112,Kakuro,1.0
310,453,Yavalanchor,15.0
311,124,Peg Solitaire,1.0
312,457,Maharajah Chess,103.0
313,1268,Isolation,32.0
314,1184,Residuel,35.0
315,374,Bao Ki Arabu (Zanzibar 2),94.0
316,765,Bheri Bakhri,162.0
317,193,Makvoer,250.0
318,218,Kotu Baendum,65.0
319,1974,Ring,47.0
320,307,Shatranj al-Mustatila,168.0
321,812,Natt Klab ash-Shawk,170.0
322,387,Jeu Militaire,9.0
323,66,Das Bohnenspiel,66.0
324,203,Nyout,41.0
325,620,DisPath,34.0
326,1811,Kassle,44.0
327,1809,Minefield,27.0
328,1662,Fenix,68.0
329,1792,Official Football Chess,247.0
330,1784,Chessence,19.0
331,840,Set Dilth',222.0
332,129,Chopsticks,9.0
333,1767,Atoll,106.0
334,100,Tic-Tac-Toe,5.0
335,222,Sonka,105.0
336,728,Seys Dos y As,70.0
337,1343,Ngre E E,8.0
338,240,Kara,47.0
339,147,Pachisi,218.0
340,674,Onek Rong,18.0
341,214,Mangala (Bedouin),22.0
342,793,Kyoto Shogi,222.0
343,694,Ilpion,17.0
344,963,Tumbleweed,249.0
345,1325,Persian Chess with a Queen,250.0
346,1075,Wolf und Schaaf,43.0
347,95,Shisima,57.0
348,1011,Phase Chess,248.0
349,145,Chaturanga,249.0
350,276,Kubuguza,42.0
351,763,Sig (Mzab),250.0
352,785,Pente Grammai,63.0
353,1252,Verquere,102.0
354,1821,Tandems,126.0
355,319,Saxun,250.0
356,920,Omangunta Peeta,147.0
357,1510,Marelle Quadruple,250.0
358,143,Sungka,78.0
359,343,Mewelad,130.0
360,619,Two-Colour,30.0
361,231,Okwe (Nigeria),250.0
362,207,Laomuzhu,157.0
363,587,Picaria,6.0
364,873,Main Pacheh,236.0
365,774,Kharberg,170.0
366,1531,Faraday,76.0
367,808,Sig wa Duqqan (Houmt al-Arbah),132.0
368,1153,Refugia,18.0
369,1421,Mini Wars,26.0
370,1073,Janes Soppi (Symmetrical),250.0
371,542,Mehen,250.0
372,950,Akidada,5.0
373,493,Domineering,16.0
374,1296,Tsoro (Reentered Captures),110.0
375,211,Halusa,78.0
376,1989,Dama (Kenya),90.0
377,341,Selus,45.0
378,577,Kolowis Awithlaknannai,250.0
379,280,Kpo,147.0
380,1079,Kiz Tavlasi,33.0
381,684,Theseus and the Minotaur,1.0
382,1731,Astralesce and Constellation,14.0
383,1793,Football Chess,245.0
384,36,58 Holes,127.0
385,281,Wouri,118.0
386,1060,Frangieh,73.0
387,41,ArdRi,166.0
388,919,Nao Gutiya Baithaneka,1.0
389,1147,Hoshi,1.0
390,416,Camelot,197.0
391,663,Flowers,56.0
392,290,Hoyito,101.0
393,388,Go with the Floe,21.0
394,172,Ashtapada,126.0
395,120,Sudoku,1.0
396,353,Gabata (Wuqro),121.0
397,228,Obridje,62.0
398,1322,Sute,250.0
399,1291,Misoro Tsoro (Additional Capture),18.0
400,1191,Sig (Mauritania),177.0
401,171,Yeung Luk Sz' Kon Tseung Kwan,250.0
402,200,Chaupar,85.0
403,1306,Yovodi,29.0
404,1799,A Simple Game,18.0
405,922,Senet,175.0
406,256,Chisolo,36.0
407,1010,Gurvan Xudag,27.0
408,261,Ikibuguzo (Opening 1),68.0
409,1333,Short Assize,250.0
410,1548,Brain Coral,32.0
411,426,Kapana Bona,10.0
412,1732,Conflagration and Keep-a-riding,30.0
413,1666,N-Mesh,20.0
414,1307,Ti,56.0
415,1970,Wrigglers Squared,102.0
416,291,Shui Yen Ho-Shang,250.0
417,268,Muvalavala (Luena),104.0
418,902,Mawryngkneng Solitaire Game,1.0
419,1664,Pentomino,9.0
420,1242,Three Musketeers,35.0
421,773,T'uk T'uk,250.0
422,679,Chomp,5.0
423,402,Grasshopper,211.0
424,254,Hus (Nama),119.0
425,1646,Seesaw Draughts,42.0
426,1144,Tic-Tac-Die,9.0
427,1077,Lange Puff,80.0
428,618,MaxMatch,18.0
429,1794,Lelac,121.0
430,895,Pachesi,250.0
431,91,Gomoku,84.0
432,234,The Concentration Game,250.0
433,53,Brazilian Draughts,49.0
434,1939,Khamousiyya,218.0
435,1365,Kisolo (Lali),3.0
436,1627,Shatranj (12x12),250.0
437,1813,Moxie,20.0
438,809,Sig wa Duqqan (Houmt Taourit),166.0
439,1574,Kharebga (7x7),226.0
440,1304,Adidada,121.0
441,1981,Signum,91.0
442,1962,Symple,66.0
443,561,Jekab,46.0
444,940,Pachgarhwa,9.0
445,60,Lasca,34.0
446,61,Mogul Putt'han,244.0
447,726,Quinze Tablas,71.0
448,836,Owasokotz,31.0
449,737,Alquerque de Tres,6.0
450,312,Grande Acedrex,250.0
451,603,Portes,113.0
452,1082,Hund efter Hare (Thy),250.0
453,1816,Jumping Beans,122.0
454,1096,Mao Naga Tiger Game,250.0
455,1258,Katro,34.0
456,128,Tron,4.0
457,1154,Tridoku,1.0
458,438,Bay Khom,65.0
459,38,Baghchal,250.0
460,1127,Mysore Tiger Game,12.0
461,701,Nedilmarth,14.0
462,1027,Xanan Zirge,173.0
463,436,Vai Lung Thlan,166.0
464,410,Dai Hasami Shogi,179.0
465,1012,Breakthrough Chess,20.0
466,454,Manzhouqi,250.0
467,984,Jeu du Renard et de la Poule,77.0
468,363,Gabata (Oromo),150.0
469,213,Li'b al-Ghashim,1.0
470,767,Deleb,140.0
471,1542,Pylos,41.0
472,352,Gabata (Shoa and Adegrat),119.0
473,912,Challis Ghutia (Titagarh),250.0
474,1016,Neg Tugal Tuux,4.0
475,198,Ashta-kashte,211.0
476,113,Killer Sudoku,1.0
477,1024,Xonin Shatar (Simple),156.0
478,1576,Fart (7x7),226.0
479,1927,Cannon,98.0
480,1539,Quoridor,214.0
481,241,Leyla Gobale (Gabradarre),67.0
482,58,International Draughts,102.0
483,579,Brandub,86.0
484,322,Makonn,8.0
485,872,Main Tapak Empat,52.0
486,1332,Long Assize,243.0
487,735,Laquet,98.0
488,749,Asi Keliya,130.0
489,411,Fox and Geese,250.0
490,1143,Bravalath,3.0
491,42,Hnefatafl,250.0
492,1581,Aqrad,172.0
493,1035,Jeson Mor,51.0
494,891,Coc-Inbert,117.0
495,423,Woli,250.0
496,373,Tablut,20.0
497,1504,Flume,26.0
498,896,Chonpa,96.0
499,142,Bao Kiswahili (DR Congo),4.0
500,260,Choro (Acholi),43.0
501,472,EinStein Wurfelt Nicht,30.0
502,1796,4 Squared,58.0
503,435,Katra,101.0
504,1203,Dum Blas,93.0
505,710,Inkblots,19.0
506,1803,Diagonals,64.0
507,1446,Krida Buddhibalasrita,250.0
508,951,Fanorona Telo,36.0
509,286,Pic,86.0
510,897,Sher Bakr,2.0
511,1969,Wrigglers,54.0
512,212,Baqura,165.0
513,199,Tamman,231.0
514,1963,Double-Run Stone,18.0
515,731,Pareia de Entrada,81.0
516,1978,Yoin,127.0
517,461,Loop Chess,248.0
518,1976,Redstone,250.0
519,1270,Cage,120.0
520,79,Amazons,63.0
521,1554,Meridians,115.0
522,1966,of Dwarfs,13.0
523,818,Kotra,105.0
524,1533,Shobu,99.0
525,282,Toguz Kumalak,169.0
526,751,Pachih,185.0
527,70,Latin Square,1.0
528,907,Challis Ghutia,243.0
529,883,Shashki,39.0
530,376,Isolo,151.0
531,789,Shah,233.0
532,249,French Wari,28.0
533,1344,Katsela,6.0
534,164,Queah Game,62.0
535,905,Mughal Pathan,244.0
536,956,Triodi (Diagonal),61.0
537,1654,Gygoreg,141.0
538,810,Siryu (Race),188.0
539,816,Refskak,118.0
540,294,Shatranj al-Kabir,250.0
541,136,Santaraj,250.0
542,1171,Tic-Tac-Toe Misere,8.0
543,189,Maak Yek,250.0
544,1148,Sudoku X,1.0
545,52,Alquerque,201.0
546,429,Namudilakunze,138.0
547,1764,Agon,250.0
548,262,Bao Ki Arabu (Zanzibar 1),104.0
549,917,Pentalpha,1.0
550,54,Canadian Draughts,154.0
551,389,Madelinette,41.0
552,434,O An Quan,102.0
553,724,Doblet,59.0
554,945,Nine Holes,7.0
555,302,Ouk Chatrang,250.0
556,779,Yote,86.0
557,1670,Fischer Random Chess,250.0
558,775,Tauru,88.0
559,1777,Lights Out,1.0
560,73,Breakthrough,71.0
561,68,Kalah,43.0
562,998,Diagonal Hex,96.0
563,646,Aj Sakakil,68.0
564,1552,Seesaw,16.0
565,1802,Bombardment,18.0
566,206,Yucebao,136.0
567,1472,Raja Pasu Mandiri,116.0
568,1658,Lielow,31.0
569,247,Intotoi,58.0
570,1950,Millieu,17.0
571,127,Hawalis,250.0
572,43,Arimaa,60.0
573,1540,Quixo,32.0
574,1156,Samurai Sudoku,1.0
575,548,Kensington,246.0
576,386,O-Pat-Kono,250.0
577,248,Kisolo,65.0
578,1028,Jeson Zam,31.0
579,660,Ciri Amber,21.0
580,1586,Yonin Shogi,242.0
581,99,Tic-Tac-Mo,18.0
582,1529,Omny,116.0
583,972,Terhuchu (Small),188.0
584,820,Dubblets,15.0
585,452,Yavalade,44.0
586,1942,El Perro,247.0
587,1768,Fractal,119.0
588,1618,Unashogi,220.0
589,723,Sujjua,30.0
590,425,Foji,33.0
591,257,Spreta,25.0
592,748,Pahada Keliya,125.0
593,1506,Gopher,47.0
594,1302,Adi,242.0
595,1655,Spava,9.0
596,698,LastEdge,19.0
597,420,Yovodji,63.0
598,65,Aw-li On-nam Ot-tjin,63.0
599,1353,Ngrin,7.0
600,30,Ako Okwe,134.0
601,1514,Svensk Bradspel,114.0
602,1530,Bashni,37.0
603,380,Alea Evangelii,250.0
604,1660,Branching Coral,30.0
605,1517,Tama,114.0
606,1190,Boukerourou,124.0
607,1455,Chatrang,250.0
608,108,Futoshiki,1.0
609,853,Starchess,113.0
610,40,Wolf and Sheep,106.0
611,266,Owela (Benguela),34.0
612,393,Ko-app-paw-na,6.0
613,730,Medio Emperador,84.0
614,237,Gifia,250.0
615,1330,Lombard Chess,250.0
616,1983,Veloop (Square),60.0
617,1563,Tsoro Yemutatu (Triangle),15.0
618,1652,Netted,9.0
619,691,Radran,34.0
620,1945,El Cazador,250.0
621,76,Backgammon,92.0
622,492,Dice Shogi,76.0
623,158,Awithlaknan Mosona,203.0
624,118,Slitherlink,1.0
625,464,Taikyoku Shogi,239.0
626,1381,Gamacha,61.0
627,371,Nsumbi,104.0
628,796,La'b Akila,72.0
629,830,Patol,29.0
630,414,Press Ups,26.0
631,580,NoGo,75.0
632,316,Shatr ikh Padan,250.0
633,1134,Fang,246.0
634,1573,Kharebga (5x5),238.0
635,1549,Windflowers,34.0
636,1577,Sig (El Oued),198.0
637,629,Clobber,67.0
638,170,Juroku Musashi,250.0
639,792,Djara-Badakh,15.0
640,839,Setichch,219.0
641,1982,Cavity,149.0
642,150,Seega,238.0
643,116,N Queens,1.0
644,449,Quantum Leap,38.0
645,412,Li'b al-'Aqil,1.0
646,289,Papan Dakon,165.0
647,349,Selus (Massawa),131.0
648,1224,Throngs,48.0
649,1366,Ngolo,11.0
650,913,Orissa Tiger (Four Tigers),247.0
651,115,Magic Square,1.0
652,734,Todas Tablas,88.0
653,392,Jungle,236.0
654,1818,Quad Wrangle,169.0
655,465,Janggi,17.0
656,334,Pasa,172.0
657,1026,Gurgaldaj,179.0
658,406,Spots,17.0
659,1223,Chuka,1.0
660,1961,Allemande,13.0
661,988,Renard et les Poules,239.0
662,152,Awithlaknakwe,250.0
663,1007,Temeen Tavag,9.0
664,1106,Bison,33.0
665,421,Enindji,193.0
666,1932,Sweep Burrow,37.0
667,683,Cram,17.0
668,105,Takuzu,1.0
669,186,Dala,216.0
670,1438,Shatranj (Iraq),250.0
671,1546,Let's Catch the Lion,39.0
672,1113,Imperial,84.0
673,275,Katra Boaoaka,25.0
674,1532,Claustro,11.0
675,1783,Um el-Bil,104.0
676,1115,Provincial,84.0
677,1507,Pathway,31.0
678,1412,Pente,113.0
679,1620,Four-Player Chess,250.0
680,1280,Moruba,250.0
681,700,Windir,28.0
682,239,Um el-Bagara,82.0
683,1445,Chaturanga (al-Adli),250.0
684,1021,Gauntlet,37.0
685,768,Sig (Western Sahara),169.0
686,305,Tobi Shogi,250.0
687,1232,Tsukkalavde,188.0
688,1129,Mysore Tiger (Two Tigers),250.0
689,1046,Patok,250.0
690,1288,Tsoro Yemutwelve,101.0
691,718,HeXentafl,34.0
692,743,Shatren,50.0
693,224,Sijat El Taba,77.0
694,858,De Vasa Chess,249.0
695,729,Emperador,84.0
696,1145,Triple Tangle,246.0
697,39,Diviyan Keliya,250.0
698,132,Contagion,21.0
699,330,Kolica Atarakua,120.0
700,1283,Otep,112.0
701,151,Tab,48.0
702,1430,Korkserschach,247.0
703,1933,Rampart,130.0
704,467,Gonnect,179.0
705,999,Broken Line,55.0
706,1672,Notakto,106.0
707,906,Kaua Dorki,90.0
708,761,Tablan,139.0
709,394,Lines of Action,208.0
710,1417,Tsatsarandi,250.0
711,67,En Gehe,58.0
712,244,Um el Banat,96.0
713,631,Ultimate Tic-Tac-Toe,67.0
714,1175,La Yagua,153.0
715,1582,Tides,219.0
716,1278,Luuth,68.0
717,759,Daldosa,123.0
718,777,T'oki,250.0
719,1392,I,18.0
720,1282,Ryakati,134.0
721,547,Pushing Me XO,33.0
722,1941,La Dama,173.0
723,156,Terhuchu,250.0
724,162,Pretwa,125.0
725,797,Qi Guo Xiangxi,250.0
726,1034,Aralzaa,27.0
727,1436,Shatranj (Turkey),250.0
728,1015,Uxrijn Ever,85.0
729,359,Tapata,70.0
730,1285,Mlabalaba,78.0
731,71,Chinese Checkers,200.0
732,1100,Esa Hex,50.0
733,1226,Unlur,88.0
734,553,Triad,21.0
735,1399,American Pool Checkers,76.0
736,45,Double Chess,250.0
737,1295,Tsoro (Additional Capture),32.0
738,466,Chameleon,117.0
739,752,Merimueng-rimueng,236.0
740,1056,Mankala,153.0
741,769,Had,213.0
742,1294,Musoro Tsoro,70.0
743,1452,Tai Shogi,250.0
744,639,Santorini,55.0
745,403,Groups,250.0
746,1000,Boolik,125.0
747,101,Twelve Men's Morris,233.0
748,1984,Veloop (Hex),52.0
749,696,OddEvenTree,7.0
750,69,Oware,58.0
751,1765,Monkey Queen,67.0
752,1327,Goats Wintering,18.0
753,1390,Coil,86.0
754,370,I Pere,34.0
755,140,Zohn Ahl,219.0
756,1084,Gasetavl,250.0
757,921,Sat Gol,8.0
758,440,Atari Go,203.0
759,107,Fill A Pix,1.0
760,1431,Welschschach,250.0
761,794,Guerrilla Checkers,66.0
762,259,Pereauni,19.0
763,1624,Labirintus,1.0
764,865,Hex Amazons,77.0
765,270,Quela,250.0
766,1355,Greater Even Loss,1.0
767,1305,Duene,31.0
768,1316,Greater,12.0
769,1382,Gamacha (Nobility),34.0
770,1040,Boxijn Barildaan,11.0
771,1964,Pyrga,22.0
772,37,Adugo,250.0
773,1319,Tsoro (Baia),146.0
774,339,Abalala'e,26.0
775,681,Bizingo,250.0
776,903,Tule Paid,138.0
777,87,Connect Four,23.0
778,980,Rimau-Rimau (One Tiger),247.0
779,1069,Choko,197.0
780,1651,Lava,144.0
781,1575,Fart (5x5),11.0
782,157,Ratti-Chitti-Bakri,250.0
783,405,Tawlbwrdd,196.0
784,176,Plakoto,57.0
785,838,Tsaydithl,16.0
786,1766,Jostle,28.0
787,1023,Altan Xaraacaj,34.0
788,114,Magic Hexagon,1.0
789,1161,Order and Chaos,30.0
790,1039,Toono,31.0
791,1968,Hexifact,25.0
792,195,Tourne-Case,103.0
793,855,Glinski Chess,249.0
794,1404,Pippinzip,19.0
795,1621,Qatranj,250.0
796,1425,BlooGo,49.0
797,1541,Quantik,12.0
798,1088,Dam Hariman,244.0
799,98,Three Men's Morris,10.0
800,1194,Nama,250.0
801,35,20 Squares,120.0
802,1375,Fetach,182.0
803,856,Brusky Chess,248.0
804,659,Awagagae,40.0
805,221,Galatjang,80.0
806,970,Sumi Naga (Hunt),246.0
807,217,Walak-Pussa,62.0
808,857,McCooey Chess,250.0
809,125,Tower of Hanoi,1.0
810,957,Marelle Triple,79.0
811,1667,Alice Chess,250.0
812,914,Orissa Tiger (One Tiger),207.0
813,161,Egara Guti,242.0
814,278,Mwambulula,178.0
815,1109,Manu,250.0
816,1318,Level Chess,250.0
817,534,Ludus Latrunculorum,219.0
818,1626,Wari,250.0
819,1494,La Liebre Perseguida,19.0
820,1825,Ratio,11.0
821,155,Kotu Ellima,250.0
822,1078,Contrare Puff,83.0
823,1780,Stratomic,139.0
824,1971,Scaffold,60.0
825,1003,Chungcajon,94.0
826,1289,Tsoro Yemutatu,5.0
827,1076,Tokkadille,148.0
828,1185,Ex Nihilo,28.0
829,1063,Yahoudieh,49.0
830,447,Omega,30.0
831,102,Yavalath,22.0
832,284,Mangala (Turkey),68.0
833,1116,Ludus Anglicorum,84.0
834,552,Social Distance Chess,250.0
835,245,Kiuthi,56.0
836,1418,Dig Dig,248.0
837,1151,Sujiken,1.0
838,725,Los Doze Canes,125.0
839,51,Surakarta,250.0
840,648,A K'aak'il,65.0
841,369,Rio Kadalis,158.0
842,263,Mweiso,33.0
843,1556,Gyre,124.0
844,1985,Mono,61.0
845,1807,Lewthwaite's Game,16.0
846,398,Squava,17.0
847,1991,Mraha wa Bwe,235.0
848,300,Sittuyin,229.0
849,1565,Hermit,46.0
850,909,Bara Guti (Bihar),78.0
851,1625,Tank Tactics,36.0
852,727,Fallas,57.0
853,345,Bechi,250.0
854,1808,Forge,77.0
855,358,Hufesay,59.0
856,183,Knossos Game,114.0
857,1181,Mig Mang,250.0
858,695,SpanRups,1.0
859,1762,Epoxy,36.0
860,721,Musinaykahwhanmetowaywin,248.0
861,443,HexDame,72.0
862,297,Parsi Chess,202.0
863,1044,Dorvolz,250.0
864,318,Shodra,250.0
865,764,Sig (Tozeur),189.0
866,1505,Bamboo,54.0
867,1579,T'mbl,56.0
868,277,Mangola,72.0
869,235,Okwe (Achalla),40.0
870,89,Dara,108.0
871,916,Lam Turki,1.0
872,1169,Ishighan,15.0
873,1649,Sprout-R-Out,14.0
874,209,Dongjintian,27.0
875,1163,Gioco dell'Orso,246.0
876,614,Wagner,5.0
877,776,Bolotudu,58.0
878,898,Bagh Bandi,242.0
879,887,Maleys,247.0
880,1356,Nzengue (Small),8.0
881,656,Score Four,25.0
882,705,Kints,76.0
883,1122,Jacquet,106.0
884,745,Siga (Sri Lanka),38.0
885,1763,ConHex,52.0
886,732,Cab e Quinal,63.0
887,1388,HexTrike,52.0
888,1310,Njombwa,138.0
889,876,Moo,119.0
890,1537,Breakthru,55.0
891,1193,Uturu Uturu Kaida,91.0
892,565,Five Men's Morris,177.0
893,456,Shogi Puzzle,1.0
894,1202,Shanzak Kammar,250.0
895,1177,Udat Pagada,31.0
896,778,Laram Wali,186.0
897,396,Pon Chochotl,30.0
898,72,Halma,193.0
899,1943,El Zorro,250.0
900,868,Bargese,179.0
901,1772,So Long Sucker,40.0
902,362,Lamosh,144.0
903,299,Main Chator,250.0
904,233,Iyogh,250.0
905,1315,Chiana wa Bwalo,250.0
906,350,Rab'e,169.0
907,821,Currierspiel,250.0
908,1735,Loop Xiangqi,250.0
909,757,Sahkku,105.0
910,1930,Center,73.0
911,306,Shatranj,249.0
912,813,Chatur,250.0
913,442,Feed the Ducks,42.0
914,163,Dam,244.0
915,563,Achi,247.0
916,880,Dama (Italy),44.0
917,1470,Main Chator (Selangor),248.0
918,594,Boseog Gonu,76.0
919,311,Shatranj al-Husun,250.0
920,1570,Zuz Mel (5x5),248.0
921,780,Wure Dune,11.0
922,271,Quiela,250.0
923,976,Kawade Kelia,250.0
924,1146,Maze,1.0
925,1944,La Chascona,87.0
926,264,Mweso,109.0
927,1149,Anti-Knight Sudoku,1.0
928,1665,FairKalah,32.0
929,1653,Shogun,42.0
930,399,Coyote,30.0
931,175,Fevga,102.0
932,367,Fergen Gobale,22.0
933,1397,Tabu Y,47.0
934,1819,Diagonals (2002),62.0
935,342,Gabata (Ansaba),85.0
936,287,Khrour,250.0
937,144,Go,250.0
938,445,Manalath,26.0
939,1126,Thaayam,84.0
940,1403,Yaguarete Kora,191.0
941,397,Demala Diviyan Keliya,99.0
942,1647,Murus Gallicus,37.0
943,1787,Addi Kul,250.0
944,804,Gala,250.0
945,1128,Mysore Tiger (Three Tigers),211.0
946,1926,Icebreaker,83.0
947,1771,Diamond,222.0
948,1990,Dama (Comoros),241.0
949,1130,Padaivettu,250.0
950,314,Los Escaques,41.0
951,1426,Shakhmaty,246.0
952,711,Tre Guti,45.0
953,1465,Breakback,250.0
954,1379,Pasang,89.0
955,439,Waurie,86.0
956,1788,El-Mthaltha,27.0
957,375,Hus (Damara),161.0
958,1580,Buqruru,3.0
959,360,Lam Waladach,133.0
960,1415,Scachs,250.0
961,882,Pleasant Draughts,245.0
962,169,Shi Liu Kan Tsiang Kun,14.0
963,1368,Asalto,9.0
964,1085,Gasetavl (Gedved),250.0
965,680,Line and Cross,23.0
966,1977,Paintbucket,13.0
967,184,Les Pendus,5.0
968,383,Cercar La Liebre,32.0
969,1160,King's Valley,250.0
970,242,Leyla Gobale (Somaliland),34.0
971,1948,Selbia,8.0
972,1437,MacBeth,73.0
973,97,Tant Fant,19.0
974,1965,Chains of Thought,32.0
975,285,Alitev,30.0
976,744,Chonka,6.0
977,908,Tuk Tak,5.0
978,1030,Zurgaan Tal,138.0
979,795,Um el Tuweisat,39.0
980,191,Shantarad,226.0
981,149,Nard,148.0
982,1810,Trianon,8.0
983,1534,Agilidade,7.0
984,1208,Schuster,125.0
985,130,Nim,16.0
986,1045,Ssang-Ryouk,129.0
987,814,Paumecary,110.0
988,77,Royal of Ur,153.0
989,1443,Triodi (Chios),5.0
990,1622,MiniXiangqi,153.0
991,1820,Roll-Ing to Four,68.0
992,1311,Njombwa (One Counter),140.0
993,877,Jeu de Renard,250.0
994,1320,Msuwa,89.0
995,997,Piprjall,91.0
996,220,Meusueb,143.0
997,954,Oumoul Kono,23.0
998,1585,Morpharaoh,38.0
999,404,Pong Hau K'i,52.0
1000,712,Sher Bakar,178.0
1001,1025,Xonin Shatar (Complex),232.0
1002,974,BoxOff,1.0
1003,354,Gabata (Shoa I),110.0
1004,219,Daramuti,54.0
1005,1199,Omnidirectional Draughts,79.0
1006,230,J'erin,52.0
1007,188,Morabaraba,61.0
1008,1209,Buffa de Baldrac,84.0
1009,1287,Tsoro,123.0
1010,823,Nebakuthana,158.0
1011,753,Meurimueng-rimueng Peuet Ploh,234.0
1012,879,Damas,54.0
1013,331,Chukaray,133.0
1014,760,At-Tab wa-d-Dukk,160.0
1015,791,Koruboddo,249.0
1016,301,Mak Ruk,160.0
1017,408,Ploy,151.0
1018,229,Whyo,250.0
1019,948,Tapatan,50.0
1020,811,Siryu (War),214.0
1021,1142,Infuse,22.0
1022,741,Koti Keliya,113.0
1023,815,Ofanfelling,34.0
1024,1105,Upper Hand,28.0
1025,81,Mu Torere,33.0
1026,190,Hasami Shogi,250.0
1027,446,Odd,61.0
1028,1988,OffShore,30.0
1029,455,Chess Puzzle,1.0
1030,1463,Shataranja,250.0
1031,384,Dra,235.0
1032,159,Lau Kata Kati,165.0
1033,44,Chess,249.0
1034,92,Nine Men's Morris,91.0
1035,1543,Squadro,92.0
1036,834,Kawasukuts,7.0
1037,1979,2048,1.0
1038,1605,Poprad Game,125.0
1039,1331,Schachzabel,250.0
1040,258,Tshuba,8.0
1041,1321,Msuwa wa Kunja,86.0
1042,422,Fondji,164.0
1043,1031,One-Eyed Go,250.0
1044,1036,Bajr,250.0
1045,1668,Symmetric Chess,247.0
1046,1520,Mity,56.0
1047,204,Ghingskoot,53.0
1048,716,Bouge Shodra,250.0
1049,1114,Myles,45.0
1050,292,Chongka',58.0
1051,1663,Ikibuguzo (Opening 2),78.0
1052,460,Horde Chess,98.0
1053,348,Wa'ache Waledat,26.0
1054,602,Tic-Tac-Chess,28.0
1055,1448,Sarvatobhadra,83.0
1056,279,Mangala (Suez),18.0
1057,338,Komikan,48.0
1058,49,Xiangqi,250.0
1059,1001,Puluc,40.0
1060,1405,Pippinzip (Zipline variant),20.0
1061,103,Dots and Boxes,93.0
1062,1656,1D Chess,6.0
1063,852,Wellisch Chess,250.0
1064,568,Six Men's Morris,245.0
1065,1188,Suffragetto,157.0
1066,1107,Oust,54.0
1067,223,Main Chongkak,98.0
1068,329,Petol,113.0
1069,1993,King And Courtesan,43.0
1070,17,Gabata (Adowa),128.0
1071,179,Li'b el-Merafib,90.0
1072,1112,Baralie,41.0
1073,1168,Issiren,174.0
1074,215,Pallankuli,169.0
1075,661,Gabata (Ghinda),128.0
1076,1254,Ovalhu,94.0
1077,1013,Breakthrough Checkers,36.0
1078,379,Deka,34.0
1079,428,Wore,47.0
1080,395,Merimueng-rimueng-do,250.0
1081,550,Lotus,77.0
1082,390,Hat Diviyan Keliya,33.0
1083,85,All Queens Chess,68.0
1084,722,Ahtarah Guti,238.0
1085,1042,Buudal,250.0
1086,197,Saturankam,64.0
1087,555,Three-Player Hex,30.0
1088,123,N Puzzles,1.0
1089,1047,Tables Rabbatuees,31.0
1090,941,Nao Guti,161.0
1091,377,Gundru,250.0
1092,697,Hackenbush,4.0
1093,251,Awari,73.0
1094,1673,Thermenmuseum,240.0
1095,1313,Nsolo,166.0
1096,255,Nchuwa,59.0
1097,1454,Jiu Zi Xian Qi,1.0
1098,59,Konane,78.0
1099,185,Shiva,41.0
1100,952,Driesticken,46.0
1101,463,Minishogi,142.0
1102,154,Tuknanavuhpi,250.0
1103,1779,Dragonchess,250.0
